item_id,item_name,category,project,project_status,text_only_sources
buildplate.spring-steel-sheet-for-prusa-mk52-bed-included-with-tl-heated-bed,Spring Steel Sheet for Prusa MK52 Bed (included with TL Heated Bed),Buildplate,voron-switchwire,current,X
cables.24awg-ptfe-cable-30ft-total,24AWG PTFE Cable (30ft total),Cables,stealthburner,current,
cables.30awg-ptfe-cable-3ft-total,30AWG PTFE Cable (3ft total),Cables,stealthburner,current,
cables.dupont-2-pin-connector,Dupont 2 Pin Connector,Cables,voron-trident,current,
cables.dupont-2-pin-connector,Dupont 2 Pin Connector,Cables,voron-1.8,legacy,
cables.dupont-female-pin,Dupont Female Pin,Cables,voron-trident,current,
cables.dupont-female-pin,Dupont Female Pin,Cables,voron-1.8,legacy,
cables.fork-spade-terminal,Fork Spade Terminal,Cables,voron-switchwire,current,
cables.igus-e2-100-10-12pz-chain-ends,IGUS E2-100-10-12PZ Chain Ends,Cables,voron-2.4,current,
cables.igus-e2-15-10-028-0-chain,IGUS E2-15-10-028-0 Chain,Cables,voron-2.4,current,
cables.igus-e2-150-10-12pz-chain-ends,IGUS E2-150-10-12PZ Chain Ends,Cables,voron-2.4,current,
cables.igus-e2i-10-10-018-0-chain,IGUS E2i-10-10-018-0 Chain,Cables,voron-2.4,current,
cables.insulated-crimp-receptical,Insulated Crimp Receptical,Cables,voron-switchwire,current,
cables.jst-xh-connector-plug-2-position,JST-XH Connector Plug 2 Position,Cables,voron-2.4,current,
cables.jst-xh-connector-plug-2-position,JST-XH Connector Plug 2 Position,Cables,voron-trident,current,
cables.jst-xh-connector-plug-2-position,JST-XH Connector Plug 2 Position,Cables,voron-switchwire,current,Molex for Einsy
cables.jst-xh-connector-plug-3-position,JST-XH Connector Plug 3 Position,Cables,voron-2.4,current,
cables.jst-xh-connector-plug-3-position,JST-XH Connector Plug 3 Position,Cables,voron-trident,current,
cables.jst-xh-connector-plug-3-position,JST-XH Connector Plug 3 Position,Cables,voron-switchwire,current,Molex for Einsy
cables.jst-xh-connector-plug-4-position,JST-XH Connector Plug 4 Position,Cables,voron-2.4,current,
cables.jst-xh-connector-plug-4-position,JST-XH Connector Plug 4 Position,Cables,voron-trident,current,
cables.jst-xh-connector-plug-4-position,JST-XH Connector Plug 4 Position,Cables,voron-switchwire,current,Molex for Einsy
cables.microfit-connector-plug-2-position-43640-0201,MicroFit Connector Plug 2 Position (43640-0201),Cables,voron-switchwire,current,
cables.microfit-connector-plug-3-position-43640-0301,MicroFit Connector Plug 3 Position (43640-0301),Cables,voron-switchwire,current,
cables.microfit-connector-plug-4-position-43640-0401,MicroFit Connector Plug 4 Position (43640-0401),Cables,voron-switchwire,current,
cables.microfit-connector-receptacle-2-position-43645-0200,MicroFit Connector Receptacle 2 Position (43645-0200),Cables,voron-switchwire,current,
cables.microfit-connector-receptacle-3-position-43645-0300,MicroFit Connector Receptacle 3 Position (43645-0300),Cables,voron-switchwire,current,
cables.microfit-connector-receptacle-4-position-43645-0400,MicroFit Connector Receptacle 4 Position (43645-0400),Cables,voron-switchwire,current,
cables.microfit3-female-pin-43030-0007,MicroFit3 Female Pin (43030-0007),Cables,voron-switchwire,current,
controller.microsd-card,MicroSD Card,Controller,voron-0.2,current,
controller.microsd-card,MicroSD Card,Controller,voron-0,legacy,
controller.microsd-card,MicroSD Card,Controller,voron-0.1,legacy,
controller.ramps-1-4,RAMPs 1.4,Controller,voron-2.2,legacy,
controller.raspberrypi4,RaspberryPi4,Controller,voron-switchwire,current,
controller.tmc-2209-drivers,TMC 2209 Drivers,Controller,voron-trident,current,
controller.usb-c-power-cable,USB C Power Cable,Controller,voron-switchwire,current,
controller.usb-cable-a-male-b-male,USB Cable A-male B-male,Controller,voron-1.6.2,legacy,
controller.usb-cable-a-male-b-male,USB Cable A-male B-male,Controller,voron-2.2,legacy,
controller.usb-cable-a-male-b-male-included-with-skr,USB Cable A-male B-male (Included with SKR),Controller,voron-2.4,current,
electronics.50x50x15-centrifugal-fan,50x50x15 Centrifugal Fan,Electronics,stealthburner,current,
electronics.50x50x15-centrifugal-fan-24v,50x50x15 Centrifugal Fan (24V),Electronics,voron-trident,current,
electronics.bat85-diode,BAT85 Diode,Electronics,voron-switchwire,current,not needed
electronics.c13-power-cord,C13 Power Cord,Electronics,voron-0.2,current,
electronics.c13-power-cord,C13 Power Cord,Electronics,voron-0.1,legacy,
electronics.fuse-medium-time-delay-acting-8a-250v-holder-cartridge-5-x-20mm-glass,Fuse Medium Time Delay Acting 8A 250V Holder Cartridge 5 X 20mm Glass,Electronics,voron-switchwire,current,
electronics.harness-for-adxl-sensor-module,Harness for ADXL Sensor Module,Electronics,stealthburner,current,
electronics.iec320-c14-inlet-push-fit-w-rocker-switch-fuse,IEC320 C14 Inlet - Push-fit - w/ Rocker Switch & Fuse,Electronics,voron-switchwire,current,
electronics.mean-well-lrs-350-24-psu,Mean Well LRS-350-24 PSU,Electronics,voron-switchwire,current,X
electronics.meanwell-rs-25-5-psu,Meanwell RS-25-5 PSU,Electronics,voron-switchwire,current,
electronics.mosfet-trigger-switch-drive-module,MOSFET Trigger Switch Drive Module,Electronics,voron-switchwire,current,
electronics.neopixel-rgbw-mini-button-pcb,NeoPixel RGBW Mini Button PCB,Electronics,stealthburner,current,
electronics.omron-mouse-button-micro-switch,Omron Mouse Button - Micro Switch,Electronics,voron-switchwire,current,
electronics.usb-cable-a-male-mini-b-male-1-included-with-skr-mini,USB Cable A-male Mini B-male (1 Included with SKR Mini),Electronics,voron-switchwire,current,
fasteners.m3-t-nut-for-3030-extrusions,M3 T-nut (For 3030 extrusions),Fasteners,voron-switchwire,current,
fasteners.m3x6-fhcs,M3x6 FHCS,Fasteners,stealthburner,current,
fasteners.m4-knurled-nut,M4 knurled nut,Fasteners,voron-2.4,current,
fasteners.m5-hexnut,M5 Hexnut,Fasteners,voron-1.8,legacy,
fasteners.m5-hexnut,M5 Hexnut,Fasteners,voron-2.2,legacy,
fasteners.m5-t-nut-for-3030-extrusions,M5 T-nut (For 3030 extrusions),Fasteners,voron-switchwire,current,
filament.primary-color-black,Primary Color (Black),Filament,voron-trident,current,
filament.secondary-color-red,Secondary Color (Red),Filament,voron-trident,current,
frame.hfsb5-2020-200-tpw,HFSB5-2020-200-TPW,Frame,voron-1.8,legacy,
frame.hfsb5-2020-290,HFSB5-2020-290,Frame,voron-1.8,legacy,
frame.hfsb5-2020-380,HFSB5-2020-380,Frame,voron-1.8,legacy,
frame.hfsb5-2020-420,HFSB5-2020-420,Frame,voron-1.8,legacy,
frame.hfsb5-2020-420-ah45-bh375,HFSB5-2020-420-AH45-BH375,Frame,voron-1.8,legacy,
frame.hfsb5-2020-420-tpw,HFSB5-2020-420-TPW,Frame,voron-1.8,legacy,
frame.makerbeam-xl-15x15-100mm,Makerbeam XL 15x15 100mm,Frame,voron-0.2,current,
frame.makerbeam-xl-15x15-100mm,Makerbeam XL 15x15 100mm,Frame,voron-0,legacy,
frame.makerbeam-xl-15x15-100mm,Makerbeam XL 15x15 100mm,Frame,voron-0.1,legacy,
frame.makerbeam-xl-15x15-80-100mm,Makerbeam XL 15x15 80-100mm,Frame,voron-0.2,current,
frame.misumi-2020-x-340mm-hfsb5-2020-340,Misumi 2020 x 340mm - HFSB5-2020-340,Frame,voron-switchwire,current,
frame.misumi-2020-x-340mm-hfsb5-2020-340-ah15-bh325,Misumi 2020 x 340mm - HFSB5-2020-340-AH15-BH325,Frame,voron-switchwire,current,
frame.misumi-3030-x-300mm-hfsb6-3030-300-tpw,Misumi 3030 x 300mm - HFSB6-3030-300-TPW,Frame,voron-switchwire,current,
frame.misumi-3030-x-360mm-hfsb6-3030-360-lch-rch,Misumi 3030 x 360mm - HFSB6-3030-360-LCH-RCH,Frame,voron-switchwire,current,
frame.misumi-3030-x-400mm-hfsb6-3030-400-tpw,Misumi 3030 x 400mm - HFSB6-3030-400-TPW,Frame,voron-switchwire,current,
frame.misumi-3060-x-520mm-hfsb6-3060-520-ah105-bh415-av180,Misumi 3060 x 520mm - HFSB6-3060-520-AH105-BH415-AV180,Frame,voron-switchwire,current,
hardware.hotend-mounting-screws-m2-5-m3,Hotend Mounting Screws (M2.5/M3),Hardware,stealthburner,current,
hardware.m3x10-shcs,M3x10 SHCS,Hardware,stealthburner,current,
hardware.m3x10mm-bhcs,M3x10mm BHCS,Hardware,voron-0,legacy,
hardware.m3x12mm-bhcs,M3x12mm BHCS,Hardware,voron-0,legacy,
hardware.m3x30mm-bhcs,M3x30mm BHCS,Hardware,voron-0,legacy,
hardware.m3x6mm-bhcs,M3x6mm BHCS,Hardware,voron-0,legacy,
hardware.m3x8-fhcs,M3x8 FHCS,Hardware,voron-0.2,current,
hardware.m3x8-fhcs,M3x8 FHCS,Hardware,voron-0.1,legacy,
hotend.e3d-v6-hotend-bowden,E3D V6 Hotend Bowden,Hotend,afterburner,legacy,
hotend.trianglelab-dragon-hotend,TriangleLab Dragon Hotend,Hotend,afterburner,legacy,
misc.medium-strength-thread-locker,medium strength thread locker,Misc,voron-0.2,current,
motion.gt2-20t-6mm-wide-pulley-5mm-bore-no-set-screw-hub,GT2 20T (6mm wide) Pulley (5mm bore) - No Set Screw Hub,Motion,voron-2.2,legacy,Build from 2x POWGE 20t 6mm Pulley
motion.gt2-open-belt-ll-2gt-6-6mm-wide-800mm,GT2 Open Belt LL-2GT-6 (6mm wide) - 800mm,Motion,voron-switchwire,current,
motion.linear-rail-mgn9h-for-z-axis,Linear Rail MGN9H for Z Axis,Motion,voron-trident,current,
panels.side-front-top-acrylic-panels.voron-switchwire,Side/Front/Top Acrylic Panels,Panels,voron-switchwire,current,
printed-parts.printed-parts,Printed Parts,Printed Parts,mobius-3.1,legacy,Print Yourself
printed-parts.printed-parts,Printed Parts,Printed Parts,voron-0,legacy,
tools.nlgi1-or-2-grease-eg-mobilux-ep1-ep2-polyrex-222-shc-220,"NLGI1 or 2 Grease eg:Mobilux EP1/EP2, Polyrex 222, SHC 220",Tools,tools,current,
misc.the-2-x-guides-should-have-the-rest-of-the-required-parts,The 2.x guides should have the rest of the required parts,,voron-1.6.2,legacy,
