item_id,item_name,category,role,n_variants,variant,projects,project_statuses,vendors,urls
bowden.bowden-fitting,Bowden Fitting,Bowden,recommended,2,1,voron-0 voron-0.1 voron-0.2,current legacy,AliExpress,https://s.click.aliexpress.com/e/_dZNWAU4
bowden.bowden-fitting,Bowden Fitting,Bowden,recommended,2,2,jetpack mobius-3.1 voron-m4,legacy,AliExpress,https://www.aliexpress.com/item/32934148155.html
buildplate.pei-3m-468p-200mp,PEI + 3M 468P (200MP),Buildplate,recommended,4,1,voron-0 voron-0.1 voron-0.2,current legacy,catalog.cshyde.com,https://catalog.cshyde.com/item/pei-sheet-3d-printing-build-surface/10-mil-ultem-pei-w-3m-acrylic-adhesive/36-10a-3d-4-7x4-7
buildplate.pei-3m-468p-200mp,PEI + 3M 468P (200MP),Buildplate,recommended,4,2,voron-2.2 voron-2.4,current legacy,catalog.cshyde.com,https://catalog.cshyde.com/item/pei-ultem/int-surface-10-mil-ultem-pei-w-3m-acrylic-adhesive/36-10a-3d-12x12 | https://catalog.cshyde.com/item/pei-ultem/int-surface-10-mil-ultem-pei-w-3m-acrylic-adhesive/36-10a-3d-14x14 | https://catalog.cshyde.com/item/pei-ultem/int-surface-10-mil-ultem-pei-w-3m-acrylic-adhesive/36-10a-3d-9-84-12-40
buildplate.pei-3m-468p-200mp,PEI + 3M 468P (200MP),Buildplate,recommended,4,3,voron-1.8 voron-trident,current legacy,catalog.cshyde.com,https://catalog.cshyde.com/item/pei-ultem/int-surface-10-mil-ultem-pei-w-3m-acrylic-adhesive/36-10a-3d-12x12 | https://catalog.cshyde.com/item/pei-ultem/int-surface-10-mil-ultem-pei-w-3m-acrylic-adhesive/36-10a-3d-9-84-12-40
buildplate.pei-3m-468p-200mp,PEI + 3M 468P (200MP),Buildplate,recommended,4,4,voron-1.6.2,legacy,catalog.cshyde.com,https://catalog.cshyde.com/item/pei-ultem/int-surface-10-mil-ultem-pei-w-3m-acrylic-adhesive/36-10a-3d-9-84-12-40
buildplate.pei-3m-468p-200mp,PEI + 3M 468P (200MP),Buildplate,alternative,4,1,voron-1.6.2 voron-1.8 voron-trident,current legacy,muellerbestellung.de,https://www.muellerbestellung.de/Ultem-1000-Schwarz-030-mm-dick-300-x-300-mm-Selbstklebend | https://www.muellerbestellung.de/Ultem-1000-Schwarz-030-mm-dick-420-x-297-mm-5-Stk
buildplate.pei-3m-468p-200mp,PEI + 3M 468P (200MP),Buildplate,alternative,4,2,voron-0 voron-0.1 voron-0.2,current legacy,muellerbestellung.de,https://www.muellerbestellung.de/Ultem-1000-Polyetherimid-3D-Druck-Folie-Abm-und-Farbe-waehlbar-254-x-165-x-03-mm-Selbstklebend-einseitig-Schwarz
buildplate.pei-3m-468p-200mp,PEI + 3M 468P (200MP),Buildplate,alternative,4,3,voron-2.4,current,muellerbestellung.de,https://www.muellerbestellung.de/Ultem-1000-Schwarz-030-mm-dick-300-x-300-mm-Selbstklebend | https://www.muellerbestellung.de/Ultem-1000-Schwarz-030-mm-dick-350-x-350-mm-Selbstklebend
buildplate.pei-3m-468p-200mp,PEI + 3M 468P (200MP),Buildplate,alternative,4,4,voron-2.2,legacy,muellerbestellung.de,https://www.muellerbestellung.de/Ultem-1000-Schwarz-030-mm-dick-300-x-300-mm-Selbstklebend | https://www.muellerbestellung.de/Ultem-1000-Schwarz-030-mm-dick-350-x-350-mm-Selbstklebend | https://www.muellerbestellung.de/Ultem-1000-Schwarz-030-mm-dick-420-x-297-mm-5-Stk
buildplate.yellow-die-springs-8x4x20mm,yellow die springs 8x4x20mm,Buildplate,recommended,2,1,voron-0 voron-0.1 voron-0.2,current legacy,AliExpress,https://s.click.aliexpress.com/e/_dUTJIFD
buildplate.yellow-die-springs-8x4x20mm,yellow die springs 8x4x20mm,Buildplate,recommended,2,2,voron-1.8,legacy,AliExpress,https://www.aliexpress.com/item/4000009273908.html
buildplate.yellow-die-springs-8x4x20mm,yellow die springs 8x4x20mm,Buildplate,alternative,2,1,voron-0 voron-0.1 voron-0.2,current legacy,Amazon,https://amzn.to/2KGsHzJ
buildplate.yellow-die-springs-8x4x20mm,yellow die springs 8x4x20mm,Buildplate,alternative,2,2,voron-1.8,legacy,AliExpress | Amazon,https://amzn.to/2KGsHzJ | https://www.aliexpress.com/item/4000009273908.html
cables.insulated-crimp-receptical,Insulated Crimp Receptical,Cables,recommended,2,1,voron-1.8 voron-2.2 voron-2.4 voron-trident,current legacy,Digi-Key,https://www.digikey.com/products/en
cables.insulated-crimp-receptical,Insulated Crimp Receptical,Cables,recommended,2,2,voron-0 voron-0.1 voron-0.2,current legacy,Digi-Key,https://www.digikey.com/product-detail/en/te-connectivity-amp-connectors/2-520181-2/A27804TR-ND/289246
cables.jst-xh-female-pin,JST-XH Female Pin,Cables,recommended,2,1,voron-2.4 voron-trident,current,AliExpress,https://www.aliexpress.com/item/32963843207.html
cables.jst-xh-female-pin,JST-XH Female Pin,Cables,recommended,2,2,voron-1.8,legacy,Digi-Key,https://www.digikey.com/product-detail/en/amphenol-icc-fci/47649-000LF/609-3614-1-ND/2044035
cables.jst-xh-female-pin,JST-XH Female Pin,Cables,alternative,3,1,voron-2.4 voron-trident,current,Amazon,https://www.amazon.com/dp/B015Y6JOUG
cables.jst-xh-female-pin,JST-XH Female Pin,Cables,alternative,3,2,voron-switchwire,current,AliExpress | Amazon,https://s.click.aliexpress.com/e/_dZtuHpY | https://www.amazon.com/dp/B015Y6JOUG
cables.jst-xh-female-pin,JST-XH Female Pin,Cables,alternative,3,3,voron-1.8,legacy,Amazon,https://www.amazon.com/dp/B01G0I0ZZK
controller.microsd-card,MicroSD Card,Controller,recommended,2,1,voron-1.6.2 voron-2.2 voron-2.4,current legacy,Amazon,https://www.amazon.com/dp/B073JYVKNX
controller.microsd-card,MicroSD Card,Controller,recommended,2,2,voron-1.8 voron-trident,current legacy,Amazon,https://www.amazon.com/dp/B0749KG1JK
controller.skr-1-4,SKR 1.4,Controller,recommended,2,1,voron-2.4,current,AliExpress,https://www.aliexpress.com/item/4000470048293.html
controller.skr-1-4,SKR 1.4,Controller,recommended,2,2,voron-1.8,legacy,AliExpress,https://www.aliexpress.com/item/4000474140713.html
controller.skr-1-4,SKR 1.4,Controller,alternative,2,1,voron-1.8,legacy,AliExpress,https://www.aliexpress.com/item/4000474140713.html
controller.skr-1-4,SKR 1.4,Controller,alternative,2,2,voron-2.4,current,Amazon,https://smile.amazon.com/BIQU-Printer-Smoothieboard-Compatible-Ramps1-4/dp/B082HCFL34
electronics.3010-axial-fan-24v,3010 axial fan 24v,Electronics,alternative,2,1,voron-0,legacy,AliExpress,https://s.click.aliexpress.com/e/_d7Kb0ms
electronics.3010-axial-fan-24v,3010 axial fan 24v,Electronics,alternative,2,2,voron-0.2,current,Digi-Key,https://www.digikey.com/en/products/detail/mechatronics-fan-group/MR3010H05B1-RSR/7605851
electronics.3010-blower-fans-24v,3010 blower fans 24V,Electronics,recommended,2,1,voron-0 voron-0.1,legacy,AliExpress,https://s.click.aliexpress.com/e/_d8S7D6y
electronics.3010-blower-fans-24v,3010 blower fans 24V,Electronics,recommended,2,2,voron-0.2,current,AliExpress,https://s.click.aliexpress.com/e/_DlbccTf
electronics.3010-blower-fans-24v,3010 blower fans 24V,Electronics,alternative,2,1,voron-0 voron-0.1,legacy,AliExpress,https://s.click.aliexpress.com/e/_d8S7D6y
electronics.3010-blower-fans-24v,3010 blower fans 24V,Electronics,alternative,2,2,voron-0.2,current,AliExpress | Digi-Key,https://s.click.aliexpress.com/e/_DlbccTf | https://www.digikey.com/en/products/detail/delta-electronics/BFB0305HHA-C/11563392
electronics.40x40x10-axial-fan-ball-bearing-24v,40x40x10 Axial Fan- Ball Bearing (24V),Electronics,alternative,2,1,voron-2.4,current,Amazon,https://www.amazon.com/dp/B07DB5H6K1
electronics.40x40x10-axial-fan-ball-bearing-24v,40x40x10 Axial Fan- Ball Bearing (24V),Electronics,alternative,2,2,voron-switchwire,current,AliExpress | Amazon,https://s.click.aliexpress.com/e/_d8MBoAW | https://www.amazon.com/dp/B07DB5H6K1
electronics.40x40x20-axial-fan-12v,40x40x20 Axial Fan (12V),Electronics,recommended,2,1,voron-1.6.2,legacy,Digi-Key,https://www.digikey.com/product-detail/en/delta-electronics/EFB0412HD/603-1009-ND/1014340
electronics.40x40x20-axial-fan-12v,40x40x20 Axial Fan (12V),Electronics,recommended,2,2,voron-2.2,legacy,Digi-Key,https://www.digikey.com/product-detail/en/delta-electronics/EFB0412HD-F00/603-1396-ND/2560520
electronics.40x40x20-centrifugal-blower-fan-ball-bearing-24v,40x40x20 Centrifugal Blower Fan - Ball Bearing (24V),Electronics,alternative,2,1,voron-2.4,current,Amazon,https://www.amazon.com/dp/B07L2YH79Y
electronics.40x40x20-centrifugal-blower-fan-ball-bearing-24v,40x40x20 Centrifugal Blower Fan - Ball Bearing (24V),Electronics,alternative,2,2,voron-switchwire,current,AliExpress | Amazon,https://s.click.aliexpress.com/e/_dZ3Fq0i | https://www.amazon.com/dp/B07L2YH79Y
electronics.e3d-v6-bowden-hotend-kit-24v,E3D V6 Bowden Hotend Kit (24V),Electronics,alternative,2,1,voron-trident,current,Filastruder | Printed Solid,https://www.filastruder.com/products/all-metal-e3d-v6-hotend | https://www.printedsolid.com/products/e3d-hot-end-kit-v6?variant=22124184600661
electronics.e3d-v6-bowden-hotend-kit-24v,E3D V6 Bowden Hotend Kit (24V),Electronics,alternative,2,2,voron-1.8,legacy,Filastruder,https://www.filastruder.com/products/all-metal-e3d-v6-hotend
electronics.nema17-motor-17hs08-1004s,NEMA17 Motor 17HS08-1004S,Electronics,recommended,3,1,voron-1.8 voron-trident,current legacy,AliExpress,https://www.aliexpress.com/item/32585429251.html
electronics.nema17-motor-17hs08-1004s,NEMA17 Motor 17HS08-1004S,Electronics,recommended,3,2,afterburner,legacy,AliExpress | StepperOnline,https://www.aliexpress.com/item/32585429251.html | https://www.omc-stepperonline.com/nema-17-stepper-motor/nema-17-bipolar-1-8deg-16ncm-22-6oz-in-1a-3-7v-42x42x20mm-4-wires.html
electronics.nema17-motor-17hs08-1004s,NEMA17 Motor 17HS08-1004S,Electronics,recommended,3,3,jetpack,legacy,StepperOnline,https://www.omc-stepperonline.com/nema-17-bipolar-1-8deg-16ncm-22-6oz-in-1a-3-7v-42x42x20mm-4-wires.html
electronics.nema17-motor-17hs08-1004s,NEMA17 Motor 17HS08-1004S,Electronics,alternative,2,1,afterburner voron-1.8,legacy,AliExpress,https://www.aliexpress.com/item/32585429251.html
electronics.nema17-motor-17hs08-1004s,NEMA17 Motor 17HS08-1004S,Electronics,alternative,2,2,voron-trident,current,AliExpress | LDO Motors,https://docs.ldomotors.com/en/voron/LDO_Voron_Distributors | https://www.aliexpress.com/item/32585429251.html
electronics.nema17-motor-17hs15-1504s1,NEMA17 Motor 17HS15-1504S1,Electronics,alternative,2,1,voron-switchwire,current,AliExpress,https://www.aliexpress.com/item/32956138636.html
electronics.nema17-motor-17hs15-1504s1,NEMA17 Motor 17HS15-1504S1,Electronics,alternative,2,2,voron-m4,legacy,AliExpress,https://www.aliexpress.com/item/32589488227.html
electronics.nema17-motor-17hs19-2004s,NEMA17 Motor 17HS19-2004S,Electronics,recommended,2,1,voron-1.6.2 voron-1.8 voron-2.2 voron-2.4,current legacy,StepperOnline,https://www.omc-stepperonline.com/nema-17-bipolar-59ncm-84oz-in-2a-42x48mm-4-wires-w-1m-cable-and-connector.html
electronics.nema17-motor-17hs19-2004s,NEMA17 Motor 17HS19-2004S,Electronics,recommended,2,2,mobius-3.1,legacy,StepperOnline,https://www.omc-stepperonline.com/nema-17-bipolare-59ncm-84oz-in-2a-42x48mm-4fili-w-1m-cable-and-connector.html
electronics.nema17-motor-17hs19-2004s,NEMA17 Motor 17HS19-2004S,Electronics,alternative,3,1,mobius-3.1 voron-1.6.2 voron-2.2,legacy,AliExpress,https://www.aliexpress.com/item/32589488227.html
electronics.nema17-motor-17hs19-2004s,NEMA17 Motor 17HS19-2004S,Electronics,alternative,3,2,voron-2.4,current,AliExpress | Amazon,https://www.aliexpress.com/item/32589488227.html | https://www.amazon.com/dp/B00PNEQKC0
electronics.nema17-motor-17hs19-2004s,NEMA17 Motor 17HS19-2004S,Electronics,alternative,3,3,voron-1.8,legacy,AliExpress | Amazon,https://www.aliexpress.com/item/32572890101.html | https://www.amazon.com/dp/B00PNEQKC0
electronics.omron-g3na-210b-dc5-10a-or-crydom-d2425-25a-or-crydom-84134000-10a-ssr,Omron G3NA-210B-DC5 (10A) or Crydom D2425 (25A) or Crydom 84134000 (10A) SSR,Electronics,recommended,2,1,voron-1.8 voron-trident,current legacy,Digi-Key,https://www.digikey.com/en/products/detail/omron-automation-and-safety/G3NA-210B-UTU-DC5-24/634443
electronics.omron-g3na-210b-dc5-10a-or-crydom-d2425-25a-or-crydom-84134000-10a-ssr,Omron G3NA-210B-DC5 (10A) or Crydom D2425 (25A) or Crydom 84134000 (10A) SSR,Electronics,recommended,2,2,voron-1.6.2 voron-2.2,legacy,Digi-Key,https://www.digikey.com/products/en
electronics.omron-mouse-button-micro-switch,Omron Mouse Button - Micro Switch,Electronics,recommended,2,1,voron-0 voron-0.1 voron-0.2 voron-1.6.2 voron-1.8 voron-2.2 voron-trident,current legacy,Digi-Key,https://www.digikey.com/product-detail/en/omron-electronics-inc-emc-div/D2F-5L/Z8846-ND/8593137
electronics.omron-mouse-button-micro-switch,Omron Mouse Button - Micro Switch,Electronics,recommended,2,2,voron-2.4,current,Digi-Key,https://www.digikey.com/en/products/detail/omron-electronics-inc-emc-div/D2F-01L/83264 | https://www.digikey.com/product-detail/en/omron-electronics-inc-emc-div/D2F-5L/Z8846-ND/8593137
electronics.omron-mouse-button-micro-switch,Omron Mouse Button - Micro Switch,Electronics,alternative,2,1,voron-0 voron-0.1 voron-0.2 voron-1.8 voron-2.2 voron-2.4 voron-trident,current legacy,Digi-Key,https://www.digikey.com/product-detail/en/omron-electronics-inc-emc-div/D2F-5L/Z8846-ND/8593137
electronics.omron-mouse-button-micro-switch,Omron Mouse Button - Micro Switch,Electronics,alternative,2,2,voron-1.6.2,legacy,Digi-Key,https://www.digikey.com/product-detail/en/omron-electronics-inc-emc-div/D2F-5/Z8845-ND/8593136 | https://www.digikey.com/product-detail/en/omron-electronics-inc-emc-div/D2F-5L/Z8846-ND/8593137
electronics.omron-tl-q5mc2-npn-nc-5mm-sense,"Omron TL-Q5MC2 - NPN, NC, 5mm Sense",Electronics,recommended,2,1,voron-trident,current,AliExpress,https://www.aliexpress.com/item/2251832663198775.html
electronics.omron-tl-q5mc2-npn-nc-5mm-sense,"Omron TL-Q5MC2 - NPN, NC, 5mm Sense",Electronics,recommended,2,2,optional-parts,current,AliExpress,https://s.click.aliexpress.com/e/_DBxCtJf
electronics.omron-tl-q5mc2-npn-nc-5mm-sense,"Omron TL-Q5MC2 - NPN, NC, 5mm Sense",Electronics,alternative,2,1,voron-switchwire,current,AliExpress | Mouser | newark.com,https://s.click.aliexpress.com/e/_DlxY7KJ | https://www.mouser.com/ProductDetail/Omron-Automation-and-Safety/TL-Q5MC2?qs=%2Fha2pyFadujGSyouhW07bDypqQHk8q5KtPum7PUL424%3D | https://www.newark.com/omron-industrial-automation/tl-q5mc2/rect-prx-5mm-npn-nc-unsh/dp/38B1174
electronics.omron-tl-q5mc2-npn-nc-5mm-sense,"Omron TL-Q5MC2 - NPN, NC, 5mm Sense",Electronics,alternative,2,2,optional-parts,current,Mouser | newark.com,https://www.mouser.com/ProductDetail/Omron-Automation-and-Safety/TL-Q5MC2?qs=%2Fha2pyFadujGSyouhW07bDypqQHk8q5KtPum7PUL424%3D | https://www.newark.com/omron-industrial-automation/tl-q5mc2/rect-prx-5mm-npn-nc-unsh/dp/38B1174
extruder.bmg-extruder-kit-used-for-gears,BMG Extruder Kit (used for gears),Extruder,recommended,2,1,voron-trident,current,AliExpress,https://www.aliexpress.com/item/2255799834871688.html
extruder.bmg-extruder-kit-used-for-gears,BMG Extruder Kit (used for gears),Extruder,recommended,2,2,voron-1.8,legacy,AliExpress,https://www.aliexpress.com/item/32917029058.html
extruder.bmg-extruder-kit-used-for-gears,BMG Extruder Kit (used for gears),Extruder,alternative,2,1,voron-trident,current,Amazon | Filastruder | Printed Solid,https://smile.amazon.com/Bowden-Extruder-Universal-Geared-Printer/dp/B08KP189KN | https://www.filastruder.com/products/bondtech-bmg-internals-set?_pos=1&_sid=8f05bd81a&_ss=r | https://www.printedsolid.com/products/bondtech-bmg-extruder
extruder.bmg-extruder-kit-used-for-gears,BMG Extruder Kit (used for gears),Extruder,alternative,2,2,voron-1.8,legacy,Amazon,https://smile.amazon.com/Bowden-Extruder-Universal-Geared-Printer/dp/B08KP189KN
extruder.bondtech-motor-gear-bowden-only,Bondtech Motor Gear (bowden only),Extruder,alternative,2,1,voron-0 voron-0.1 voron-0.2,current legacy,AliExpress | Bondtech | Filastruder,https://s.click.aliexpress.com/e/_d7eKr16 | https://www.bondtech.se/en/product/motor-gear | https://www.filastruder.com/collections/bondtech/products/bondtech-motor-gear
extruder.bondtech-motor-gear-bowden-only,Bondtech Motor Gear (bowden only),Extruder,alternative,2,2,afterburner,legacy,AliExpress | Bondtech | Filastruder,https://www.aliexpress.com/item/32946695708.html | https://www.bondtech.se/en/product/motor-gear | https://www.filastruder.com/collections/bondtech/products/bondtech-motor-gear
extruder.complete-bmg-extruder-clone,Complete BMG Extruder Clone,Extruder,recommended,3,1,voron-0.1 voron-0.2,current legacy,AliExpress,https://s.click.aliexpress.com/e/_AU7ik2
extruder.complete-bmg-extruder-clone,Complete BMG Extruder Clone,Extruder,recommended,3,2,afterburner stealthburner,current legacy,AliExpress,https://www.aliexpress.com/item/32917029058.html
extruder.complete-bmg-extruder-clone,Complete BMG Extruder Clone,Extruder,recommended,3,3,voron-0,legacy,AliExpress,https://s.click.aliexpress.com/e/_d8khc8c
extruder.mr85-bearing,MR85 Bearing,Extruder,alternative,2,1,voron-0 voron-0.1 voron-0.2,current legacy,AliExpress | Bondtech,https://s.click.aliexpress.com/e/_dZPCzjq | https://www.bondtech.se/en/product/ballbearing-5x8x2-5
extruder.mr85-bearing,MR85 Bearing,Extruder,alternative,2,2,afterburner,legacy,Bondtech,https://www.bondtech.se/en/product/ballbearing-5x8x2-5
extruder.shaft-idler-assembly,Shaft/Idler Assembly,Extruder,alternative,2,1,voron-0 voron-0.1 voron-0.2,current legacy,AliExpress | Bondtech | Filastruder,https://s.click.aliexpress.com/e/_dXUX0B6 | https://www.bondtech.se/en/product/shaft-assembly | https://www.filastruder.com/collections/bondtech/products/bondtech-shaft-gear-assembly
extruder.shaft-idler-assembly,Shaft/Idler Assembly,Extruder,alternative,2,2,afterburner,legacy,AliExpress | Bondtech | Filastruder,https://www.aliexpress.com/item/32946823004.html | https://www.bondtech.se/en/product/shaft-assembly | https://www.filastruder.com/collections/bondtech/products/bondtech-shaft-gear-assembly
fasteners.5x10x1-shim-ring,5x10x1 Shim Ring,Fasteners,alternative,2,1,voron-2.2 voron-2.4,current legacy,McMaster-Carr,https://www.mcmaster.com/98055A099/
fasteners.5x10x1-shim-ring,5x10x1 Shim Ring,Fasteners,alternative,2,2,voron-switchwire,current,AliExpress | McMaster-Carr,https://s.click.aliexpress.com/e/41Vkdm7q | https://www.mcmaster.com/98055A099/
fasteners.m2x10-self-tapping-screw-for-plastics,M2x10 Self Tapping Screw for Plastics,Fasteners,recommended,2,1,stealthburner voron-0 voron-0.1 voron-0.2 voron-trident,current legacy,AliExpress,https://www.aliexpress.com/item/33043885403.html
fasteners.m2x10-self-tapping-screw-for-plastics,M2x10 Self Tapping Screw for Plastics,Fasteners,recommended,2,2,voron-2.4,current,McMaster-Carr,https://www.mcmaster.com/99397A267/
fasteners.m2x10-self-tapping-screw-for-plastics,M2x10 Self Tapping Screw for Plastics,Fasteners,alternative,4,1,stealthburner voron-2.4 voron-switchwire,current,AliExpress,https://www.aliexpress.com/item/32748428213.html
fasteners.m2x10-self-tapping-screw-for-plastics,M2x10 Self Tapping Screw for Plastics,Fasteners,alternative,4,2,voron-0.1 voron-0.2,current legacy,AliExpress | Amazon,https://amzn.to/2JFQPSK | https://s.click.aliexpress.com/e/_d6tILYa
fasteners.m2x10-self-tapping-screw-for-plastics,M2x10 Self Tapping Screw for Plastics,Fasteners,alternative,4,3,voron-trident,current,AliExpress | Amazon,https://www.aliexpress.com/item/32748428213.html | https://www.amazon.com/dp/B012THLK1E
fasteners.m2x10-self-tapping-screw-for-plastics,M2x10 Self Tapping Screw for Plastics,Fasteners,alternative,4,4,voron-0,legacy,Amazon,https://amzn.to/2JFQPSK
fasteners.m3-heat-set-insert-m3x5x4,M3 Heat Set Insert (M3x5x4),Fasteners,recommended,4,1,afterburner voron-1.8 voron-m4 voron-trident,current legacy,AliExpress,https://www.aliexpress.com/item/4000232858343.html
fasteners.m3-heat-set-insert-m3x5x4,M3 Heat Set Insert (M3x5x4),Fasteners,recommended,4,2,stealthburner voron-2.4,current,AliExpress | Amazon,https://www.aliexpress.com/item/4000232858343.html | https://www.amazon.com/dp/B077CJV3Z9
fasteners.m3-heat-set-insert-m3x5x4,M3 Heat Set Insert (M3x5x4),Fasteners,recommended,4,3,voron-0.1 voron-0.2,current legacy,AliExpress,https://s.click.aliexpress.com/e/_ANjqIj
fasteners.m3-heat-set-insert-m3x5x4,M3 Heat Set Insert (M3x5x4),Fasteners,recommended,4,4,voron-0,legacy,AliExpress,https://s.click.aliexpress.com/e/_dWMOd8C
fasteners.m3-heat-set-insert-m3x5x4,M3 Heat Set Insert (M3x5x4),Fasteners,alternative,6,1,stealthburner voron-2.4,current,AliExpress | Amazon | McMaster-Carr,https://www.aliexpress.com/item/4000232858343.html | https://www.amazon.com/dp/B077CJV3Z9 | https://www.mcmaster.com/94180A331/
fasteners.m3-heat-set-insert-m3x5x4,M3 Heat Set Insert (M3x5x4),Fasteners,alternative,6,2,voron-1.8 voron-m4,legacy,AliExpress,https://www.aliexpress.com/item/4000232858343.html
fasteners.m3-heat-set-insert-m3x5x4,M3 Heat Set Insert (M3x5x4),Fasteners,alternative,6,3,voron-0.1 voron-0.2,current legacy,AliExpress,https://s.click.aliexpress.com/e/_ANjqIj
fasteners.m3-heat-set-insert-m3x5x4,M3 Heat Set Insert (M3x5x4),Fasteners,alternative,6,4,voron-trident,current,AliExpress | cnckitchenus.store,https://cnckitchenus.store/products/made-for-voron-gewindeeinsatz-threaded-insert-m3x5x4-100-stk-pcs | https://www.aliexpress.com/item/4000232858343.html
fasteners.m3-heat-set-insert-m3x5x4,M3 Heat Set Insert (M3x5x4),Fasteners,alternative,6,5,afterburner,legacy,AliExpress | McMaster-Carr,https://www.aliexpress.com/item/4000232858343.html | https://www.mcmaster.com/94180A331/
fasteners.m3-heat-set-insert-m3x5x4,M3 Heat Set Insert (M3x5x4),Fasteners,alternative,6,6,voron-switchwire,current,AliExpress,https://s.click.aliexpress.com/e/_dW3Uprs
fasteners.m3-locknut,M3 Locknut,Fasteners,recommended,2,1,jetpack mobius-3.1 voron-2.2,legacy,Bolt Depot,https://www.boltdepot.com/Product-Details.aspx?product=4370
fasteners.m3-locknut,M3 Locknut,Fasteners,recommended,2,2,voron-0.1 voron-trident,current legacy,Bolt Depot,https://www.boltdepot.com/Product-Details.aspx?product=4792
fasteners.m3-locknut,M3 Locknut,Fasteners,alternative,3,1,jetpack mobius-3.1 voron-2.2,legacy,McMaster-Carr,https://www.mcmaster.com/90576A102/
fasteners.m3-locknut,M3 Locknut,Fasteners,alternative,3,2,voron-0.1,legacy,AliExpress,https://www.aliexpress.com/item/32988995881.html
fasteners.m3-locknut,M3 Locknut,Fasteners,alternative,3,3,voron-trident,current,Amazon | McMaster-Carr,https://www.amazon.com/dp/B07BD24MXV | https://www.mcmaster.com/93625A100/
fasteners.m3x6-bhcs,M3x6 BHCS,Fasteners,recommended,2,1,afterburner mobius-3.1 voron-1.8 voron-2.2 voron-2.4 voron-m4 voron-trident,current legacy,Bolt Depot,https://www.boltdepot.com/Product-Details.aspx?product=13334
fasteners.m3x6-bhcs,M3x6 BHCS,Fasteners,recommended,2,2,stealthburner voron-0 voron-0.1 voron-0.2,current legacy,Bolt Depot,https://www.boltdepot.com/Metric_socket_button_head_Class_12.9_alloy_steel_black_oxide_finish_3mm_x_0.5mm.aspx
fasteners.m3x6-bhcs,M3x6 BHCS,Fasteners,alternative,2,1,mobius-3.1 voron-1.8 voron-2.2 voron-2.4 voron-m4 voron-switchwire voron-trident,current legacy,McMaster-Carr,https://www.mcmaster.com/91239A111/
fasteners.m3x6-bhcs,M3x6 BHCS,Fasteners,alternative,2,2,voron-0 voron-0.1 voron-0.2,current legacy,AliExpress,https://s.click.aliexpress.com/e/_d7V4XEq
fasteners.m3x8-shcs,M3x8 SHCS,Fasteners,recommended,2,1,jetpack mobius-3.1 stealthburner voron-1.8 voron-2.2 voron-2.4 voron-trident,current legacy,Bolt Depot,https://www.boltdepot.com/Product-Details.aspx?product=13635
fasteners.m3x8-shcs,M3x8 SHCS,Fasteners,recommended,2,2,afterburner,legacy,Bolt Depot,https://www.boltdepot.com/Product-Details.aspx?product=13633
fasteners.m5-hexnut,M5 Hexnut,Fasteners,recommended,2,1,voron-2.4,current,Bolt Depot,https://www.boltdepot.com/Product-Details.aspx?product=4785
fasteners.m5-hexnut,M5 Hexnut,Fasteners,recommended,2,2,voron-0,legacy,Bolt Depot,https://www.boltdepot.com/Metric_hex_nuts_Stainless_steel_18-8_(A-2).aspx
fasteners.m5x10-bhcs,M5x10 BHCS,Fasteners,recommended,2,1,voron-1.8 voron-2.2 voron-2.4,current legacy,Bolt Depot,https://www.boltdepot.com/Product-Details.aspx?product=15646
fasteners.m5x10-bhcs,M5x10 BHCS,Fasteners,recommended,2,2,voron-trident,current,Bolt Depot,https://www.boltdepot.com/Product-Details.aspx?product=13343
fasteners.m5x16-bhcs,M5x16 BHCS,Fasteners,recommended,2,1,voron-1.8 voron-2.2 voron-2.4,current legacy,Bolt Depot,https://www.boltdepot.com/Product-Details.aspx?product=15648
fasteners.m5x16-bhcs,M5x16 BHCS,Fasteners,recommended,2,2,voron-trident,current,Bolt Depot,https://www.boltdepot.com/Product-Details.aspx?product=13345
fasteners.m5x30-bhcs,M5x30 BHCS,Fasteners,recommended,2,1,voron-1.8 voron-2.2 voron-2.4,current legacy,Bolt Depot,https://www.boltdepot.com/Product-Details.aspx?product=15651
fasteners.m5x30-bhcs,M5x30 BHCS,Fasteners,recommended,2,2,voron-trident,current,Bolt Depot,https://www.boltdepot.com/Product-Details.aspx?product=13348
filament.secondary-color-red,Secondary Color (Red),Filament,alternative,2,1,mobius-3.1 voron-1.6.2 voron-1.8 voron-2.2 voron-2.4 voron-switchwire,current legacy,Amazon | Paramount 3D,https://amzn.to/2lqEYQ1 | https://www.amazon.com/dp/B00J0HB1YI | https://www.paramount-3d.com/product-page/abs-pantone-enzo-red-485c-1-75mm-1kg-filament-trrl3020485c
filament.secondary-color-red,Secondary Color (Red),Filament,alternative,2,2,voron-m4,legacy,Amazon | Paramount 3D,https://amzn.to/2lqEYQ1 | https://www.paramount-3d.com/product-page/abs-pantone-enzo-red-485c-1-75mm-1kg-filament-trrl3020485c
frame.hfsb5-2020-330,HFSB5-2020-330,Frame,recommended,2,1,voron-trident,current,Misumi,https://us.misumi-ec.com/vona2/detail/110302683830?HissuCode=HFSB5-2020-330&Keyword=HFSB5-2020-330&PNSearch=HFSB5-2020-330&searchFlow=suggest2products
frame.hfsb5-2020-330,HFSB5-2020-330,Frame,recommended,2,2,voron-1.8,legacy,Misumi,https://us.misumi-ec.com/vona2/detail/110302683830?HissuCode=HFSB5-2020-330&KWSearch=HFSB5-2020-330&PNSearch=HFSB5-2020-330&searchFlow=results2type
frame.makerbeam-xl-15x15-200mm,Makerbeam XL 15x15 200mm,Frame,alternative,2,1,voron-0.1 voron-0.2,current legacy,AliExpress,https://s.click.aliexpress.com/e/_A6swSt
frame.makerbeam-xl-15x15-200mm,Makerbeam XL 15x15 200mm,Frame,alternative,2,2,voron-0,legacy,AliExpress,https://s.click.aliexpress.com/e/_dWk7zQ2
hardware.bmg-extruder-insides,BMG Extruder Insides,Hardware,recommended,2,1,afterburner stealthburner,current legacy,AliExpress,https://www.aliexpress.com/item/4000021186440.html
hardware.bmg-extruder-insides,BMG Extruder Insides,Hardware,recommended,2,2,voron-0,legacy,AliExpress,https://s.click.aliexpress.com/e/_dY14nbA
hardware.bondtech-drive-gear-kit,Bondtech Drive Gear Kit,Hardware,alternative,2,1,afterburner,legacy,AliExpress | Bondtech,https://www.aliexpress.com/item/32947193804.html | https://www.bondtech.se/en/product/drivegear-kits
hardware.bondtech-drive-gear-kit,Bondtech Drive Gear Kit,Hardware,alternative,2,2,voron-0,legacy,AliExpress | Bondtech,https://s.click.aliexpress.com/e/_dS7fWDW | https://www.bondtech.se/en/product/drivegear-kits
hardware.m2x8-shcs,M2x8 SHCS,Hardware,alternative,3,1,voron-0,legacy,AliExpress | Amazon,https://amzn.to/2SiHdlD | https://s.click.aliexpress.com/e/_d6vrEGq
hardware.m2x8-shcs,M2x8 SHCS,Hardware,alternative,3,2,voron-0.1,legacy,AliExpress | Amazon,https://amzn.to/3c0xpEh | https://s.click.aliexpress.com/e/_d6vrEGq
hardware.m2x8-shcs,M2x8 SHCS,Hardware,alternative,3,3,voron-0.2,current,AliExpress | Amazon,https://amzn.to/3c0xpEh | https://www.aliexpress.com/item/2251832870888463.html
hardware.m3-hexnut,M3 Hexnut,Hardware,recommended,2,1,afterburner jetpack mobius-3.1 voron-1.8 voron-2.2 voron-2.4,current legacy,Bolt Depot,https://www.boltdepot.com/Product-Details.aspx?product=4783
hardware.m3-hexnut,M3 Hexnut,Hardware,recommended,2,2,voron-0 voron-0.1 voron-0.2,current legacy,Bolt Depot,https://www.boltdepot.com/Metric_hex_nuts_Stainless_steel_18-8_(A-2).aspx
hardware.m3x35-bhcs,M3x35 BHCS,Hardware,recommended,2,1,voron-0.1 voron-0.2,current legacy,AliExpress | Bolt Depot,https://www.aliexpress.com/item/32932033872.html | https://www.boltdepot.com/Metric_socket_button_head_Class_12.9_alloy_steel_black_oxide_finish_3mm_x_0.5mm.aspx
hardware.m3x35-bhcs,M3x35 BHCS,Hardware,recommended,2,2,voron-0,legacy,AliExpress,https://www.aliexpress.com/item/32932033872.html
hardware.m3x40-bhcs,M3x40 BHCS,Hardware,recommended,2,1,voron-0.1 voron-0.2,current legacy,AliExpress | Bolt Depot,https://www.aliexpress.com/item/32932033872.html | https://www.boltdepot.com/Product-Details.aspx?product=15294
hardware.m3x40-bhcs,M3x40 BHCS,Hardware,recommended,2,2,voron-0,legacy,AliExpress,https://www.aliexpress.com/item/32932033872.html
hardware.thumb-screw-assembly,Thumb Screw Assembly,Hardware,alternative,2,1,voron-0 voron-0.1 voron-0.2,current legacy,AliExpress | Bondtech | Filastruder,https://s.click.aliexpress.com/e/_dUxr46o | https://www.bondtech.se/en/product/thumbscrew-assembly | https://www.filastruder.com/collections/bondtech/products/bondtech-thumbscrew-assembly
hardware.thumb-screw-assembly,Thumb Screw Assembly,Hardware,alternative,2,2,afterburner voron-m4,legacy,AliExpress | Bondtech | Filastruder,https://www.aliexpress.com/item/32947691813.html | https://www.bondtech.se/en/product/thumbscrew-assembly | https://www.filastruder.com/collections/bondtech/products/bondtech-thumbscrew-assembly
misc.6mm-x-3mm-round-neodymium-magnets,6mm x 3mm Round Neodymium Magnets,Misc,recommended,4,1,voron-2.4 voron-trident,current,AliExpress,https://www.aliexpress.com/item/1005001418808468.html
misc.6mm-x-3mm-round-neodymium-magnets,6mm x 3mm Round Neodymium Magnets,Misc,recommended,4,2,voron-0.1 voron-0.2,current legacy,AliExpress,https://s.click.aliexpress.com/e/_A7td4j
misc.6mm-x-3mm-round-neodymium-magnets,6mm x 3mm Round Neodymium Magnets,Misc,recommended,4,3,voron-0,legacy,AliExpress,https://www.aliexpress.com/item/1005001418808468.html | https://www.aliexpress.com/item/1005001428057323.html
misc.6mm-x-3mm-round-neodymium-magnets,6mm x 3mm Round Neodymium Magnets,Misc,recommended,4,4,voron-switchwire,current,AliExpress,https://www.aliexpress.com/item/1005001428057323.html
misc.6mm-x-3mm-round-neodymium-magnets,6mm x 3mm Round Neodymium Magnets,Misc,alternative,4,1,voron-0.1 voron-0.2,current legacy,AliExpress,https://s.click.aliexpress.com/e/_A7td4j
misc.6mm-x-3mm-round-neodymium-magnets,6mm x 3mm Round Neodymium Magnets,Misc,alternative,4,2,voron-2.4 voron-trident,current,AliExpress,https://www.aliexpress.com/item/32951137017.html
misc.6mm-x-3mm-round-neodymium-magnets,6mm x 3mm Round Neodymium Magnets,Misc,alternative,4,3,voron-switchwire,current,AliExpress,https://s.click.aliexpress.com/e/_AWamq8 | https://www.aliexpress.com/item/1005001428057323.html | https://www.aliexpress.com/item/32951137017.html
misc.6mm-x-3mm-round-neodymium-magnets,6mm x 3mm Round Neodymium Magnets,Misc,alternative,4,4,voron-0,legacy,AliExpress,https://www.aliexpress.com/item/1005001428057323.html | https://www.aliexpress.com/item/32951137017.html
misc.bowden-tube,Bowden Tube,Misc,recommended,2,1,voron-1.8 voron-trident,current legacy,AliExpress,https://www.aliexpress.com/item/1005001408141263.html
misc.bowden-tube,Bowden Tube,Misc,recommended,2,2,mobius-3.1 voron-2.2,legacy,AliExpress,https://www.aliexpress.com/item/32433845259.html
motion.5x30mm-shaft,5x30mm Shaft,Motion,recommended,2,1,voron-2.2 voron-2.4,current legacy,AliExpress,https://www.aliexpress.com/item/1739093502.html
motion.5x30mm-shaft,5x30mm Shaft,Motion,recommended,2,2,voron-1.8 voron-trident,current legacy,AliExpress,https://www.aliexpress.com/item/32769265211.html
motion.f623-rs-bearing,F623-RS Bearing,Motion,recommended,2,1,voron-0.1 voron-0.2,current legacy,AliExpress,https://s.click.aliexpress.com/e/_AOxtwP
motion.f623-rs-bearing,F623-RS Bearing,Motion,recommended,2,2,voron-0,legacy,AliExpress,https://s.click.aliexpress.com/e/_d8ZR3hm
motion.f695-2rs-bearing,F695 2RS Bearing,Motion,alternative,2,1,voron-2.2 voron-2.4,current legacy,AliExpress,https://www.aliexpress.com/item/32850989216.html
motion.f695-2rs-bearing,F695 2RS Bearing,Motion,alternative,2,2,voron-switchwire,current,AliExpress,https://s.click.aliexpress.com/e/FhQBXGmc | https://www.aliexpress.com/item/32850989216.html
motion.gt2-20t-6mm-wide-pulley-5mm-bore,GT2 20T (6mm wide) Pulley (5mm bore),Motion,recommended,3,1,mobius-3.1 voron-2.2 voron-2.4 voron-m4,current legacy,AliExpress,https://www.aliexpress.com/item/32226562320.html
motion.gt2-20t-6mm-wide-pulley-5mm-bore,GT2 20T (6mm wide) Pulley (5mm bore),Motion,recommended,3,2,voron-1.8 voron-trident,current legacy,AliExpress,https://www.aliexpress.com/item/1730027940.html
motion.gt2-20t-6mm-wide-pulley-5mm-bore,GT2 20T (6mm wide) Pulley (5mm bore),Motion,recommended,3,3,voron-0.1 voron-0.2,current legacy,AliExpress,https://s.click.aliexpress.com/e/_AqN4lx
motion.gt2-20t-6mm-wide-pulley-5mm-bore,GT2 20T (6mm wide) Pulley (5mm bore),Motion,alternative,3,1,voron-switchwire,current,AliExpress,https://s.click.aliexpress.com/e/E1Y0mkUu
motion.gt2-20t-6mm-wide-pulley-5mm-bore,GT2 20T (6mm wide) Pulley (5mm bore),Motion,alternative,3,2,voron-m4,legacy,AliExpress | SDP/SI,https://s.click.aliexpress.com/e/E1Y0mkUu | https://shop.sdp-si.com/catalog/product?id=A+6R51M094060
motion.gt2-20t-6mm-wide-pulley-5mm-bore,GT2 20T (6mm wide) Pulley (5mm bore),Motion,alternative,3,3,voron-0,legacy,AliExpress,https://s.click.aliexpress.com/e/_dYtoM9A
motion.gt2-belt-loop-6mm-wide-188mm,GT2 Belt Loop (6mm wide) - 188mm,Motion,alternative,2,1,mobius-3.1 voron-2.2 voron-2.4,current legacy,SDP/SI,https://shop.sdp-si.com/catalog/product?id=A+6R51M094060
motion.gt2-belt-loop-6mm-wide-188mm,GT2 Belt Loop (6mm wide) - 188mm,Motion,alternative,2,2,voron-m4,legacy,AliExpress | SDP/SI,https://s.click.aliexpress.com/e/ripvAfVQ | https://shop.sdp-si.com/catalog/product?id=A+6R51M094060
motion.gt2-open-belt-ll-2gt-6-6mm-wide-length-dependant-on-config,GT2 Open Belt LL-2GT-6 (6mm wide) - Length Dependant on Config,Motion,alternative,2,1,voron-2.4,current,AliExpress | SDP/SI,https://shop.sdp-si.com/catalog/product?id=A_6R51MC060 | https://www.aliexpress.com/item/32987817703.html
motion.gt2-open-belt-ll-2gt-6-6mm-wide-length-dependant-on-config,GT2 Open Belt LL-2GT-6 (6mm wide) - Length Dependant on Config,Motion,alternative,2,2,voron-2.2,legacy,AliExpress | SDP/SI,https://shop.sdp-si.com/catalog/product?id=A_6R51MC060 | https://www.aliexpress.com/item/32991919681.html
panels.tophat-panels,TopHat Panels,Panels,recommended,2,1,voron-0.1 voron-0.2,current legacy,mnlasercutting.com,https://mnlasercutting.com/shop/p/voron-0-laser-cut-tophat-panels
panels.tophat-panels,TopHat Panels,Panels,recommended,2,2,voron-0,legacy,mnlasercutting.com,https://mnlasercutting.com/
vibration-management.rubber-compressor-foot,Rubber Compressor Foot,Vibration Management,alternative,3,1,voron-1.8 voron-2.4,current legacy,AliExpress | Amazon,https://www.aliexpress.com/item/32990144547.html | https://www.aliexpress.com/item/32996184575.html | https://www.amazon.com/dp/B0711Y6T56
vibration-management.rubber-compressor-foot,Rubber Compressor Foot,Vibration Management,alternative,3,2,voron-switchwire,current,AliExpress | Amazon,https://www.aliexpress.com/item/32996184575.html | https://www.amazon.com/dp/B0711Y6T56
vibration-management.rubber-compressor-foot,Rubber Compressor Foot,Vibration Management,alternative,3,3,voron-2.2,legacy,AliExpress | Amazon,https://www.aliexpress.com/item/32990144547.html | https://www.amazon.com/dp/B0711Y6T56
