name_similarity,shared_links,id_a,name_a,projects_a,id_b,name_b,projects_b,urls
0.98,1,motion.gt2-open-belt-ll-2gt-6-9mm-wide-length-dependant-on-config,GT2 Open Belt LL-2GT-6 (9mm wide) - Length Dependant on Config,voron-2.2,motion.gt2-open-belt-ll-2gt-9-9mm-wide-length-dependant-on-config,GT2 Open Belt LL-2GT-9 (9mm wide) - Length Dependant on Config,voron-2.4,https://shop.sdp-si.com/catalog/product?id=A_6R51MC090
0.97,1,motion.gt2-20t-6mm-wide-toothed-idler-5mm-bore,GT2 20T (6mm wide) Toothed Idler (5mm bore),voron-2.4 voron-trident voron-1.8,motion.gt2-20t-9mm-wide-toothed-idler-5mm-bore,GT2 20T (9mm wide) Toothed Idler (5mm bore),voron-2.4,https://www.filastruder.com/products/gates-2gt-idler
0.97,1,fasteners.m2x10-self-tapping-screw-for-plastics,M2x10 Self Tapping Screw for Plastics,voron-2.4 voron-trident voron-0.2 voron-switchwire stealthburner voron-0 voron-0.1,fasteners.m2x12-self-tapping-screw-for-plastics,M2x12 Self Tapping Screw for Plastics,voron-1.8 voron-2.2,https://www.aliexpress.com/item/32748428213.html
0.97,1,misc.foam-panel-tape-5mm-wide-1mm-thick,Foam Panel Tape (5mm Wide/1mm Thick),optional-parts,misc.foam-panel-tape-5mm-wide-3mm-thick,Foam Panel Tape (5mm wide/3mm thick),voron-2.4 voron-trident,https://www.aliexpress.com/item/32885016096.html
0.97,1,cables.20awg-silicone-cable-25ft-total,20AWG Silicone Cable (25ft total),voron-1.8,cables.20awg-silicone-cable-50ft-total,20AWG Silicone Cable (50ft total),voron-2.2,https://www.aliexpress.com/item/32955538744.html
0.97,1,motion.linear-rail-mgn12h-see-configurator-for-length,Linear Rail MGN12H ** See Configurator for length **,voron-2.4,motion.linear-rail-mgn9h-see-configurator-for-length,Linear Rail MGN9H ** See Configurator for length **,voron-2.4 voron-1.8 voron-2.2,"https://www.robotdigg.com/product/1314/Black-anodized-linear-rail-7,-9,-12-and-15"
0.96,2,electronics.e3d-v6-bowden-hotend-kit-24v,E3D V6 Bowden Hotend Kit (24V),voron-trident voron-1.8,hotend.e3d-v6-bowden-hotend-kit-12v,E3D V6 Bowden Hotend Kit (12V),voron-1.6.2 voron-2.2,https://www.aliexpress.com/item/32844028127.html | https://www.filastruder.com/products/all-metal-e3d-v6-hotend
0.96,1,motion.gt2-open-belt-6mm-2-meters,GT2 Open Belt 6mm (2 meters),voron-0,motion.gt2-open-belt-6mm-3-meters,GT2 Open Belt 6mm (3 meters),voron-0.1,https://s.click.aliexpress.com/e/_dZ6ZPZ2
0.96,1,bowden.bowden-tube-4mm-od-3mm-id,Bowden Tube 4mm OD/3mm ID,jetpack,misc.bowden-tube-4mm-od-2mm-id,"Bowden Tube (4mm OD, 2mm ID)",voron-switchwire jetpack,https://www.aliexpress.com/item/32433845259.html
0.96,2,cables.10x11mm-1-meter-with-2-end-sets-2-fixed-end-2-free-end-r18-18mm-radius,"10x11mm - 1 meter with 2 end sets (2 fixed end, 2 free end), R18 (18mm radius)",voron-1.8,cables.10x11mm-1-meter-with-3-end-sets-3-fixed-end-3-free-end-r18-18mm-radius,"10x11mm - 1 meter with 3 end sets (3 fixed end, 3 free end), R18 (18mm radius)",voron-trident,https://www.aliexpress.com/item/33000014666.html | https://www.amazon.com/dp/B07QLGWQ1L
0.95,1,cables.24awg-silicone-cable-120ft-total,24AWG Silicone Cable (120ft total),voron-2.2,cables.24awg-silicone-cable-50ft-total,24AWG Silicone Cable (50ft total),voron-1.8,https://www.aliexpress.com/item/32953105957.html
0.94,1,cables.thermal-fuse-125c,Thermal Fuse 125C,voron-0 voron-0.1,cables.thermal-fuse-150c,Thermal Fuse 150C,voron-0.2,https://s.click.aliexpress.com/e/_dU6uGpq
0.93,2,buildplate.silicone-ac-heater-240x240mm,Silicone AC Heater 240x240mm,voron-trident voron-1.8 voron-2.2,buildplate.silicone-ac-heater-250x250mm,Silicone AC Heater 250x250mm,voron-2.4,https://keenovo.store/collections/standard-keenovo-silicone-heaters/products/keenovo-square-silicone-heater-3d-printer-build-plate-heatbed-heating-pad?variant=8324020928567 | https://keenovo.store/collections/standard-keenovo-silicone-heaters/products/keenovo-square-silicone-heater-3d-printer-build-plate-heatbed-heating-pad?variant=8324020961335
0.93,2,electronics.nema17-stepper-motor-34mm-max-with-integrated-lead-screw-200mm-t8x8,NEMA17 Stepper Motor (34mm max) with integrated lead screw 200mm T8x8,voron-0.1,electronics.nema17-stepper-motor-with-integrated-lead-screw-200mm-t8x8,NEMA17 Stepper Motor with integrated lead screw 200mm T8x8,voron-0.2,https://s.click.aliexpress.com/e/_9JMcTz | https://www.omc-stepperonline.com/nema-17-external-34mm-stack-04a-lead-8mm031496-length-200mm-17ls13-0404e-200g.html
0.93,1,cables.22awg-ptfe-wire-100ft-total,22AWG PTFE wire (100ft total),voron-trident,cables.22awg-ptfe-wire-250ft-total,22AWG PTFE wire (250ft total),voron-2.4,https://www.aliexpress.com/item/4000703245035.html
0.92,1,cables.jst-connectors-2pin-3pin-4pin,"JST connectors (2pin,3pin,4pin)",voron-0,cables.jst-connectors-2pin-3pin-4pin-5pin,"JST connectors (2pin,3pin,4pin,5pin)",voron-0.2 voron-0.1,https://amzn.to/2W3RSl6
0.90,1,hardware.m3x12-bhcs,M3x12 BHCS,voron-0.2 voron-0 voron-0.1,hardware.m3x16-bhcs,M3x16 BHCS,voron-0.2 voron-0.1,https://s.click.aliexpress.com/e/_dWjW7lk
0.90,1,motion.gt2-open-belt-ll-2gt-6-6mm-wide,GT2 Open Belt LL-2GT-6 (6mm wide),voron-trident voron-1.8,motion.gt2-open-belt-ll-2gt-6-6mm-wide-1500mm,GT2 Open Belt LL-2GT-6 (6mm wide) - 1500mm,voron-switchwire,https://shop.sdp-si.com/catalog/product?id=A_6R51MC060
0.89,2,hardware.m2x6-shcs,M2x6 SHCS,voron-0.2,hardware.m2x8-shcs,M2x8 SHCS,voron-0.2 voron-0 voron-0.1,https://www.aliexpress.com/item/2251832870888463.html | https://www.boltdepot.com/Metric_socket_cap_Class_12.9_alloy_steel_black_oxide_finish_2mm_x_0.4mm.aspx
0.89,1,fasteners.m5-hexnut,M5 Hexnut,voron-2.4 voron-0 voron-1.8 voron-2.2,hardware.m3-hexnut,M3 Hexnut,voron-2.4 voron-0.2 voron-switchwire afterburner mobius-3.1 jetpack voron-0 voron-0.1 voron-1.8 voron-2.2,https://www.boltdepot.com/Metric_hex_nuts_Stainless_steel_18-8_(A-2).aspx
0.88,3,extruder.bondtech-drive-gear-kit-5mmid,Bondtech Drive Gear Kit 5mmID,voron-0.2 voron-0.1,hardware.bondtech-drive-gear-kit,Bondtech Drive Gear Kit,afterburner voron-0,https://s.click.aliexpress.com/e/_dS7fWDW | https://www.bondtech.se/en/product/drivegear-kits | https://www.filastruder.com/collections/bondtech/products/drivegear-kit
0.88,1,fasteners.m3-t-nut-hntaj5-3,M3 T-nut HNTAJ5-3,voron-2.4 voron-2.2,fasteners.m5-t-nut-hntaj5-5,M5 T-nut HNTAJ5-5,voron-2.4 voron-2.2,https://us.misumi-ec.com/vona2/detail/110302247910
0.87,1,extruder.bmg-extruder-insides-5mmid,BMG Extruder Insides 5mmID,voron-0.2 voron-0.1,hardware.bmg-extruder-insides,BMG Extruder Insides,stealthburner afterburner voron-0,https://s.click.aliexpress.com/e/_dY14nbA
0.87,1,electronics.bigtreetech-skr-mini-e3-v1-2-or-v2,Bigtreetech SKR mini E3 (v1.2 or v2),voron-0,electronics.bigtreetech-skr-mini-e3-v2,Bigtreetech SKR mini E3 (v2),voron-0.1,https://www.aliexpress.com/item/33042554065.html
0.86,1,electronics.nema17-motor-17hs15-1504s1,NEMA17 Motor 17HS15-1504S1,voron-switchwire voron-m4,electronics.nema17-motor-17hs19-2004s,NEMA17 Motor 17HS19-2004S,voron-2.4 mobius-3.1 voron-1.8 voron-1.6.2 voron-2.2,https://www.aliexpress.com/item/32589488227.html
0.86,2,motion.f695-2rs-bearing,F695 2RS Bearing,voron-2.4 voron-switchwire voron-2.2,motion.f695-bearing,F695 Bearing,voron-1.8,https://www.aliexpress.com/item/32850989216.html | https://www.aliexpress.com/item/33001186278.html
0.86,1,controller.fysetc-mini12864-display-type-b,FYSETC mini12864 Display (Type B),voron-trident voron-1.8,controller.mini-12864-display-type-b,Mini 12864 Display (Type B),voron-2.4 voron-switchwire,https://www.aliexpress.com/item/32980210325.html
0.84,3,electronics.omron-g3na-210b-dc5-10a-or-crydom-d2425-25a-or-crydom-84134000-10a-ssr,Omron G3NA-210B-DC5 (10A) or Crydom D2425 (25A) or Crydom 84134000 (10A) SSR,voron-trident voron-1.8 voron-1.6.2 voron-2.2,electronics.omron-g3na-210b-dc5-10a-or-crydom-d2425-25a-or-crydom-84134000-10a-ssr-or-panasonic-aqa211vl-15a,Omron G3NA-210B-DC5 (10A) or Crydom D2425 (25A) or Crydom 84134000 (10A) SSR or Panasonic AQA211VL (15A),voron-2.4,https://www.digikey.com/en/products/detail/omron-automation-and-safety/G3NA-210B-UTU-DC5-24/634443 | https://www.digikey.com/product-detail/en/sensata-crydom/84134000/646-1227-ND/1816787 | https://www.digikey.com/product-detail/en/sensata-crydom/D2425/CC1006-ND/139477
0.84,1,motion.gt2-20t-6mm-wide-8mm-bore,GT2 20T (6mm wide) (8mm bore),voron-0,motion.gt2-20t-6mm-wide-pulley-5mm-bore,GT2 20T (6mm wide) Pulley (5mm bore),voron-2.4 voron-trident voron-0.2 voron-switchwire voron-m4 mobius-3.1 voron-0 voron-0.1 voron-1.8 voron-2.2,https://s.click.aliexpress.com/e/_dYtoM9A
0.83,1,tools.m5-tap,M5 Tap,tools,tools.m6-tap,M6 Tap,tools,https://www.aliexpress.com/item/1000003765116.html
0.80,1,fasteners.m3x6-bhcs,M3x6 BHCS,voron-2.4 voron-trident voron-0.2 voron-switchwire stealthburner afterburner voron-m4 mobius-3.1 voron-0 voron-0.1 voron-1.8 voron-2.2,hardware.m2-5x6-bhcs,M2.5x6 BHCS,voron-0.1,https://s.click.aliexpress.com/e/_d7V4XEq
0.80,1,hardware.m3x35-bhcs,M3x35 BHCS,voron-0.2 voron-0 voron-0.1,hardware.m3x40-bhcs,M3x40 BHCS,voron-0.2 voron-0 voron-0.1,https://www.aliexpress.com/item/32932033872.html
0.80,1,motion.gt2-open-belt-6mm-3-meters,GT2 Open Belt 6mm (3 meters),voron-0.1,motion.gt2-open-belt-6mm-3000mm,GT2 Open Belt 6mm (3000mm),voron-0.2,https://s.click.aliexpress.com/e/_dZ6ZPZ2
0.78,2,hardware.m2x6-bhcs-shcs,M2x6 BHCS/SHCS,voron-0.1,hardware.m2x6-shcs,M2x6 SHCS,voron-0.2,https://www.amazon.com/dp/B07W5J19Y5 | https://www.boltdepot.com/Metric_socket_cap_Class_12.9_alloy_steel_black_oxide_finish_2mm_x_0.4mm.aspx
0.78,1,hardware.m2x6-bhcs,M2x6 BHCS,voron-0,hardware.m2x6-bhcs-shcs,M2x6 BHCS/SHCS,voron-0.1,https://www.aliexpress.com/item/32966917947.html
0.77,2,electronics.nema14-36mm-round-pancake-motor-with-10-tooth-gear-20mm,NEMA14 36mm Round Pancake Motor with 10 tooth gear 20mm,stealthburner,electronics.nema14-36mm-round-pancake-stepper-motor-with-10-tooth-spur-gear-ldo-36sth20-1004ahg,NEMA14 36mm round pancake Stepper Motor with 10 tooth spur gear (LDO 36STH20-1004AHG),voron-0.2 voron-0.1,https://s.click.aliexpress.com/e/_A2WTM8 | https://s.click.aliexpress.com/e/_DBnmZ1l
0.76,1,motion.gt2-open-belt-6mm-2-meters,GT2 Open Belt 6mm (2 meters),voron-0,motion.gt2-open-belt-6mm-3000mm,GT2 Open Belt 6mm (3000mm),voron-0.2,https://s.click.aliexpress.com/e/_dZ6ZPZ2
0.76,1,electronics.nema14-36mm-round-pancake-motor-with-10-tooth-gear-20mm,NEMA14 36mm Round Pancake Motor with 10 tooth gear 20mm,stealthburner,electronics.nema14-36mm-round-pancake-stepper-motor-with-10-tooth-spur-gear-omc-14hr07-1004vrn,NEMA14 36mm round pancake Stepper Motor with 10 tooth spur gear (OMC 14HR07-1004VRN),voron-0.2 voron-0.1,https://www.omc-stepperonline.com/round-nema-14-bipolar-0-9deg-9-ncm-12-75-oz-in-1-0a-%CF%8636x17-5mm-4-wires-14hr07-1004vrn
0.75,1,fasteners.m2x8-self-tapping-screw-for-plastics,M2x8 Self Tapping Screw for Plastics,voron-2.2,hardware.m2x8mm-self-tapping-screw,M2x8mm Self Tapping Screw,jetpack,https://www.mcmaster.com/99397A264/
0.74,1,cables.microfit3-dual-row-10circuits-male-female-plug,Microfit3 Dual Row (10circuits) Male & Female Plug,voron-0,cables.microfit3-male-female-plugs,Microfit3 Male & Female Plugs,voron-0.2 voron-0.1,https://www.arrow.com/en/products/76650-0159/molex
0.74,1,electronics.bigtreetech-skr-mini-e3-v2,Bigtreetech SKR mini E3 (v2),voron-0.1,electronics.bigtreetech-skr-pico,Bigtreetech SKR Pico,voron-0.2,https://www.aliexpress.com/item/33042554065.html
0.73,1,fasteners.m2-x-12-or-13mm-plastite-self-tapping-screw,M2 x 12 or 13mm Plastite Self Tapping Screw,mobius-3.1,hardware.m2x8mm-self-tapping-screw,M2x8mm Self Tapping Screw,jetpack,https://www.aliexpress.com/item/32748428213.html
0.72,2,motion.linear-rail-mgn12h-300mm,Linear Rail MGN12H (300mm),voron-switchwire,motion.linear-rail-mgn12h-for-x-axis,Linear Rail MGN12H for X Axis,voron-trident,https://www.aliexpress.com/item/32829826159.html | https://www.zyltech.com/zyltech-mgn12-h-type-linear-rail-with-single-or-double-carriage-block
0.71,1,fasteners.m2x10-self-tapping-screw-for-plastics,M2x10 Self Tapping Screw for Plastics,voron-2.4 voron-trident voron-0.2 voron-switchwire stealthburner voron-0 voron-0.1,hardware.m2x8mm-self-tapping-screw,M2x8mm Self Tapping Screw,jetpack,https://www.aliexpress.com/item/32748428213.html
0.71,1,fasteners.m2x12-self-tapping-screw-for-plastics,M2x12 Self Tapping Screw for Plastics,voron-1.8 voron-2.2,hardware.m2x8mm-self-tapping-screw,M2x8mm Self Tapping Screw,jetpack,https://www.aliexpress.com/item/32748428213.html
0.71,2,cables.dupont-female-pin,Dupont Female Pin,voron-trident voron-1.8 voron-2.2,cables.jst-xh-female-pin,JST-XH Female Pin,voron-2.4 voron-trident voron-switchwire voron-1.8,https://www.amazon.com/dp/B01G0I0ZZK | https://www.digikey.com/product-detail/en/amphenol-icc-fci/47649-000LF/609-3614-1-ND/2044035
0.70,2,motion.gt2-open-belt-ll-2gt-6-6mm-wide,GT2 Open Belt LL-2GT-6 (6mm wide),voron-trident voron-1.8,motion.gt2-open-belt-ll-2gt-6-6mm-wide-length-dependant-on-config,GT2 Open Belt LL-2GT-6 (6mm wide) - Length Dependant on Config,voron-2.4 voron-2.2,https://shop.sdp-si.com/catalog/product?id=A_6R51MC060 | https://www.aliexpress.com/item/32853559638.html
0.70,1,hardware.m2x6-bhcs-shcs,M2x6 BHCS/SHCS,voron-0.1,hardware.m2x8-shcs,M2x8 SHCS,voron-0.2 voron-0 voron-0.1,https://www.boltdepot.com/Metric_socket_cap_Class_12.9_alloy_steel_black_oxide_finish_2mm_x_0.4mm.aspx
0.67,2,motion.f695-2rs,F695 2RS,voron-m4 mobius-3.1,motion.f695-2rs-bearing,F695 2RS Bearing,voron-2.4 voron-switchwire voron-2.2,https://www.aliexpress.com/item/32850989216.html | https://www.aliexpress.com/item/33001186278.html
0.67,2,motion.gt2-open-belt-ll-2gt-6-6mm-wide-1500mm,GT2 Open Belt LL-2GT-6 (6mm wide) - 1500mm,voron-switchwire,motion.gt2-open-belt-ll-2gt-6-6mm-wide-length-dependant-on-config,GT2 Open Belt LL-2GT-6 (6mm wide) - Length Dependant on Config,voron-2.4 voron-2.2,https://shop.sdp-si.com/catalog/product?id=A_6R51MC060 | https://www.aliexpress.com/item/32987817703.html
0.67,1,electronics.bigtreetech-skr-mini-e3-v1-2-or-v2,Bigtreetech SKR mini E3 (v1.2 or v2),voron-0,electronics.bigtreetech-skr-pico,Bigtreetech SKR Pico,voron-0.2,https://www.aliexpress.com/item/33042554065.html
0.67,1,fasteners.m5-hexnut,M5 Hexnut,voron-2.4 voron-0 voron-1.8 voron-2.2,hardware.m2-nut,M2 Nut,voron-0.2 voron-0 voron-0.1,https://www.boltdepot.com/Metric_hex_nuts_Stainless_steel_18-8_(A-2).aspx
0.67,1,hardware.m2-nut,M2 Nut,voron-0.2 voron-0 voron-0.1,hardware.m3-hexnut,M3 Hexnut,voron-2.4 voron-0.2 voron-switchwire afterburner mobius-3.1 jetpack voron-0 voron-0.1 voron-1.8 voron-2.2,https://www.boltdepot.com/Metric_hex_nuts_Stainless_steel_18-8_(A-2).aspx
0.67,1,vibration-management.rubber-compressor-foot,Rubber Compressor Foot,voron-2.4 voron-switchwire voron-1.8 voron-2.2,vibration-management.rubber-foot,Rubber Foot,voron-trident,https://www.aliexpress.com/item/32996184575.html
0.64,1,fasteners.m3-thumb-screws,M3 Thumb Screws,voron-1.8,fasteners.m4-thumb-nuts,M4 Thumb Nuts,voron-trident,https://www.aliexpress.com/item/4000010655936.html
0.64,1,fasteners.m5-t-nut,M5 T-Nut,voron-trident voron-1.8,fasteners.m5-t-nut-hntaj5-5,M5 T-nut HNTAJ5-5,voron-2.4 voron-2.2,https://us.misumi-ec.com/vona2/detail/110302247910
0.64,1,controller.bigtree-skr-1-4,Bigtree SKR 1.4,optional-parts,controller.skr-1-4,SKR 1.4,voron-2.4 voron-1.8,https://www.aliexpress.com/item/4000470048293.html
0.62,2,fasteners.m2-x-12-or-13mm-plastite-self-tapping-screw,M2 x 12 or 13mm Plastite Self Tapping Screw,mobius-3.1,fasteners.m2x12-self-tapping-screw-for-plastics,M2x12 Self Tapping Screw for Plastics,voron-1.8 voron-2.2,https://www.aliexpress.com/item/32748428213.html | https://www.mcmaster.com/99397A269/
0.62,1,misc.bowden-tube-4mm-od-2mm-id,"Bowden Tube (4mm OD, 2mm ID)",voron-switchwire jetpack,misc.bowden-tube-4mm-od-3mm-id-optional-for-reverse-bowden,"Bowden Tube (4mm OD, 3mm ID) optional for reverse bowden",voron-switchwire,https://s.click.aliexpress.com/e/5OVtqbtq
0.61,2,motion.linear-rail-mgn12h-see-configurator-for-length,Linear Rail MGN12H ** See Configurator for length **,voron-2.4,motion.linear-rail-mgn12h-for-x-axis,Linear Rail MGN12H for X Axis,voron-trident,"https://www.robotdigg.com/product/1314/Black-anodized-linear-rail-7,-9,-12-and-15 | https://www.zyltech.com/zyltech-mgn12-h-type-linear-rail-with-single-or-double-carriage-block"
0.61,1,bowden.bowden-tube-4mm-od-3mm-id,Bowden Tube 4mm OD/3mm ID,jetpack,misc.bowden-tube,Bowden Tube,voron-trident mobius-3.1 voron-1.8 voron-2.2,https://www.aliexpress.com/item/32433845259.html
0.61,1,misc.bowden-tube,Bowden Tube,voron-trident mobius-3.1 voron-1.8 voron-2.2,misc.bowden-tube-4mm-od-2mm-id,"Bowden Tube (4mm OD, 2mm ID)",voron-switchwire jetpack,https://www.aliexpress.com/item/32433845259.html
0.61,3,electronics.nema17-motor-17hs19-2004s,NEMA17 Motor 17HS19-2004S,voron-2.4 mobius-3.1 voron-1.8 voron-1.6.2 voron-2.2,electronics.nema17-motor-17hs19-2004s-min-35mm-shaft-for-double-shear,NEMA17 Motor 17HS19-2004S (min 35mm shaft for double shear),voron-trident,https://www.aliexpress.com/item/32572890101.html | https://www.amazon.com/dp/B00PNEQKC0 | https://www.omc-stepperonline.com/nema-17-bipolar-59ncm-84oz-in-2a-42x48mm-4-wires-w-1m-cable-and-connector.html
0.60,2,motion.linear-rail-mgn9h-see-configurator-for-length,Linear Rail MGN9H ** See Configurator for length **,voron-2.4 voron-1.8 voron-2.2,motion.linear-rail-mgn9h-for-y-axis,Linear Rail MGN9H for Y Axis,voron-trident,https://www.aliexpress.com/item/32773296501.html | https://www.zyltech.com/zyltech-mgn9-linear-rail-with-single-or-double-carriage-block
0.60,2,motion.f695-2rs,F695 2RS,voron-m4 mobius-3.1,motion.f695-bearing,F695 Bearing,voron-1.8,https://www.aliexpress.com/item/32850989216.html | https://www.aliexpress.com/item/33001186278.html
0.60,1,misc.bowden-tube,Bowden Tube,voron-trident mobius-3.1 voron-1.8 voron-2.2,misc.ptfe-tube,PTFE Tube,stealthburner,https://www.aliexpress.com/item/1005001408141263.html
0.60,1,panels.bottom-back-electronics-bay-panels.voron-1.8,Bottom/Back/Electronics Bay Panels,voron-1.8,panels.deck-bottom-and-back-panels.voron-trident,"Deck, Bottom and Back Panels",voron-trident,https://www.mnlasercutting.com/
0.59,1,fasteners.m2-x-12-or-13mm-plastite-self-tapping-screw,M2 x 12 or 13mm Plastite Self Tapping Screw,mobius-3.1,fasteners.m2x10-self-tapping-screw-for-plastics,M2x10 Self Tapping Screw for Plastics,voron-2.4 voron-trident voron-0.2 voron-switchwire stealthburner voron-0 voron-0.1,https://www.aliexpress.com/item/32748428213.html
0.59,1,controller.tmc2209-stepper-motor-driver,TMC2209 Stepper Motor Driver,voron-2.4,controller.tmc2209-stepsticks-for-skr-1-3,TMC2209 Stepsticks for SKR 1.3,optional-parts,https://www.amazon.com/dp/B07W5S3KVF
0.58,1,electronics.ac-inlet,AC Inlet,voron-0.1,electronics.iec320-c14-inlet,IEC320 C14 inlet,voron-0.2,https://www.digikey.com/en/products/detail/adam-tech/IEC-GS-1-100/9831135
0.58,1,fasteners.m3-roll-in-t-nut,M3 Roll-in T-Nut,voron-trident voron-1.8,fasteners.m5-t-nut,M5 T-Nut,voron-trident voron-1.8,https://us.misumi-ec.com/vona2/detail/110302247910
0.57,3,electronics.4010-axial-fan,4010 Axial Fan,stealthburner,electronics.40x40x10-axial-fan-ball-bearing-24v,40x40x10 Axial Fan - Ball Bearing (24V),voron-2.4 voron-trident voron-switchwire afterburner voron-1.8,https://s.click.aliexpress.com/e/_d8MBoAW | https://www.aliexpress.com/item/32727867521.html | https://www.amazon.com/dp/B07WWJF4LG
0.57,1,motion.linear-rail-mgn12h-for-x-axis,Linear Rail MGN12H for X Axis,voron-trident,motion.linear-rail-mgn9h-see-configurator-for-length,Linear Rail MGN9H ** See Configurator for length **,voron-2.4 voron-1.8 voron-2.2,"https://www.robotdigg.com/product/1314/Black-anodized-linear-rail-7,-9,-12-and-15"
0.57,1,motion.gt2-20t-6mm-wide-pulley-5mm-bore,GT2 20T (6mm wide) Pulley (5mm bore),voron-2.4 voron-trident voron-0.2 voron-switchwire voron-m4 mobius-3.1 voron-0 voron-0.1 voron-1.8 voron-2.2,motion.gt2-belt-loop-6mm-wide-188mm,GT2 Belt Loop (6mm wide) - 188mm,voron-2.4 voron-m4 mobius-3.1 voron-2.2,https://shop.sdp-si.com/catalog/product?id=A+6R51M094060
0.56,1,fasteners.m3-t-nut-hntaj5-3,M3 T-nut HNTAJ5-3,voron-2.4 voron-2.2,fasteners.m5-t-nut,M5 T-Nut,voron-trident voron-1.8,https://us.misumi-ec.com/vona2/detail/110302247910
0.54,1,motion.linear-rail-mgn12h-300mm,Linear Rail MGN12H (300mm),voron-switchwire,motion.linear-rail-mgn12h-see-configurator-for-length,Linear Rail MGN12H ** See Configurator for length **,voron-2.4,https://www.zyltech.com/zyltech-mgn12-h-type-linear-rail-with-single-or-double-carriage-block
0.54,1,electronics.nema17-motor-17hs08-1004s,NEMA17 Motor 17HS08-1004S,voron-trident afterburner jetpack voron-1.8,electronics.nema17-motor-17hs19-2004s-min-35mm-shaft-for-double-shear,NEMA17 Motor 17HS19-2004S (min 35mm shaft for double shear),voron-trident,https://docs.ldomotors.com/en/voron/LDO_Voron_Distributors
0.53,2,misc.6mm-x-3mm-round-neodymium-magnets,6mm x 3mm Round Neodymium Magnets,voron-2.4 voron-trident voron-0.2 voron-switchwire voron-0 voron-0.1,misc.6x3mm-magnet,6x3mm Magnet,stealthburner,https://www.aliexpress.com/item/1005001418808468.html | https://www.aliexpress.com/item/32951137017.html
0.53,1,filament.primary-color-black,Primary Color (Black),voron-2.4 voron-trident voron-switchwire voron-m4 mobius-3.1 voron-1.8 voron-1.6.2 voron-2.2,filament.secondary-color-red,Secondary Color (Red),voron-2.4 voron-trident voron-switchwire voron-m4 mobius-3.1 voron-1.8 voron-1.6.2 voron-2.2,https://www.villageplastics.com/product/abs
0.48,1,electronics.iec320-c14-inlet,IEC320 C14 inlet,voron-0.2,electronics.iec320-c14-inlet-push-fit-w-rocker-switch-fuse,IEC320 C14 Inlet - Push-fit - w/ Rocker Switch & Fuse,voron-2.4 voron-switchwire,https://www.digikey.com/en/products/detail/adam-tech/IEC-GS-1-100/9831135
0.48,1,fasteners.m3-roll-in-t-nut,M3 Roll-in T-Nut,voron-trident voron-1.8,fasteners.m3-t-nut-hntaj5-3,M3 T-nut HNTAJ5-3,voron-2.4 voron-2.2,https://us.misumi-ec.com/vona2/detail/110302247910
0.48,1,controller.raspberrypi3-b,RaspberryPi3 B+,voron-1.6.2,controller.raspberrypi3-b-dont-get-a-4-they-have-issues,"RaspberryPi3 B+ (dont get a 4, they have issues)",voron-2.2,https://www.arrow.com/en/products/raspberrypi3b/raspberry-pi-foundation
0.48,1,extruder.bmg-extruder-kit-used-for-gears,BMG Extruder Kit (used for gears),voron-trident voron-1.8,extruder.complete-bmg-extruder-clone,Complete BMG Extruder Clone,voron-0.2 stealthburner afterburner voron-0 voron-0.1,https://www.aliexpress.com/item/32917029058.html
0.48,1,fasteners.5x10x1-shim-ring,5x10x1 Shim Ring,voron-2.4 voron-switchwire voron-2.2,fasteners.m5-1-0mm-thick-shim-washer,M5 1.0mm Thick Shim/Washer,voron-trident voron-1.8,https://www.mcmaster.com/98055A099/
0.47,1,cables.ptfe-wire-20gauge-10ft,PTFE Wire 20gauge 10ft,voron-0.2 voron-0.1,cables.ptfe-wire-22gauge-100ft-get-5m-of-6-colors-for-30m-total-tin-plated,"PTFE Wire 22gauge 100ft (get 5m of 6 colors for 30m total, tin plated)",voron-0.2 voron-0.1,https://s.click.aliexpress.com/e/_AfncFO
0.46,1,hardware.bmg-extruder-insides,BMG Extruder Insides,stealthburner afterburner voron-0,misc.bmg-extruder-hardware-kit-if-configured-with-direct-feed,BMG Extruder Hardware Kit (if configured with direct feed),voron-2.4 voron-switchwire,https://www.aliexpress.com/item/4000021186440.html
0.42,1,fasteners.m3-roll-in-t-nut,M3 Roll-in T-Nut,voron-trident voron-1.8,fasteners.m5-t-nut-hntaj5-5,M5 T-nut HNTAJ5-5,voron-2.4 voron-2.2,https://us.misumi-ec.com/vona2/detail/110302247910
0.42,2,motion.f695-bearing,F695 Bearing,voron-1.8,motion.f695-bearing-add-two-for-stepper-double-shear,F695 Bearing (add two for stepper double shear),voron-trident,https://www.aliexpress.com/item/32850989216.html | https://www.aliexpress.com/item/33001186278.html
0.39,2,motion.f695-2rs-bearing,F695 2RS Bearing,voron-2.4 voron-switchwire voron-2.2,motion.f695-bearing-add-two-for-stepper-double-shear,F695 Bearing (add two for stepper double shear),voron-trident,https://www.aliexpress.com/item/32850989216.html | https://www.aliexpress.com/item/33001186278.html
0.39,2,hardware.3x7x0-5-shim-ring-3mm-id-7-mm-od,"3x7x0.5 Shim Ring (3mm ID, 7 mm OD)",voron-0,hardware.shim-washer-6mm-od-3mm-id-0-5mm-thick-thickness-is-important,Shim Washer - 6mm OD - 3mm ID - 0.5mm Thick (thickness is important),voron-0.2 voron-0.1,https://s.click.aliexpress.com/e/_Bf9nOYLc | https://s.click.aliexpress.com/e/_dUjNx0o
0.39,1,misc.bowden-tube,Bowden Tube,voron-trident mobius-3.1 voron-1.8 voron-2.2,misc.bowden-tube-4mm-od-id-depends-on-extruder-type,"Bowden Tube (4mm OD, ID depends on extruder type)",voron-2.4,https://www.aliexpress.com/item/1005001408141263.html
0.33,1,electronics.nema17-motor-17hs08-1004s,NEMA17 Motor 17HS08-1004S,voron-trident afterburner jetpack voron-1.8,motion.linear-rail-mgn12h-for-x-axis,Linear Rail MGN12H for X Axis,voron-trident,https://docs.ldomotors.com/en/voron/LDO_Voron_Distributors
0.33,1,electronics.nema17-motor-17hs19-2004s-min-35mm-shaft-for-double-shear,NEMA17 Motor 17HS19-2004S (min 35mm shaft for double shear),voron-trident,motion.linear-rail-mgn12h-for-x-axis,Linear Rail MGN12H for X Axis,voron-trident,https://docs.ldomotors.com/en/voron/LDO_Voron_Distributors
0.26,2,motion.f695-2rs,F695 2RS,voron-m4 mobius-3.1,motion.f695-bearing-add-two-for-stepper-double-shear,F695 Bearing (add two for stepper double shear),voron-trident,https://www.aliexpress.com/item/32850989216.html | https://www.aliexpress.com/item/33001186278.html
0.26,2,cables.10x11-cable-chain-openable-1m,10x11 Cable Chain - Openable (1m),voron-switchwire,cables.10x11mm-1-meter-with-2-end-sets-2-fixed-end-2-free-end-r18-18mm-radius,"10x11mm - 1 meter with 2 end sets (2 fixed end, 2 free end), R18 (18mm radius)",voron-1.8,https://www.aliexpress.com/item/33000014666.html | https://www.amazon.com/dp/B07QLGWQ1L
0.26,2,cables.10x11-cable-chain-openable-1m,10x11 Cable Chain - Openable (1m),voron-switchwire,cables.10x11mm-1-meter-with-3-end-sets-3-fixed-end-3-free-end-r18-18mm-radius,"10x11mm - 1 meter with 3 end sets (3 fixed end, 3 free end), R18 (18mm radius)",voron-trident,https://www.aliexpress.com/item/33000014666.html | https://www.amazon.com/dp/B07QLGWQ1L
0.24,1,electronics.ac-inlet,AC Inlet,voron-0.1,electronics.iec320-c14-inlet-push-fit-w-rocker-switch-fuse,IEC320 C14 Inlet - Push-fit - w/ Rocker Switch & Fuse,voron-2.4 voron-switchwire,https://www.digikey.com/en/products/detail/adam-tech/IEC-GS-1-100/9831135
0.23,1,controller.a4988-stepper-motor-driver,A4988 Stepper Motor Driver,voron-1.6.2 voron-2.2,controller.arduino-mega-2560,Arduino Mega 2560,voron-1.6.2 voron-2.2,https://www.zyltech.com/ramps-1-4-3d-printer-controller-mega-2560-atmega16u2-atmega2560-5x-a4988-2a-drivers
0.22,1,misc.bowden-tube-4mm-od-id-depends-on-extruder-type,"Bowden Tube (4mm OD, ID depends on extruder type)",voron-2.4,misc.ptfe-tube,PTFE Tube,stealthburner,https://www.aliexpress.com/item/1005001408141263.html
0.17,1,electronics.nema17-motor-17hs08-1004s,NEMA17 Motor 17HS08-1004S,voron-trident afterburner jetpack voron-1.8,frame.misumi-hfsb5-2020-size-depends-use-configurator,Misumi HFSB5-2020 (Size depends - use configurator),voron-2.4 voron-trident voron-1.8 voron-2.2,https://docs.ldomotors.com/en/voron/LDO_Voron_Distributors
0.15,1,controller.arduino-mega-2560,Arduino Mega 2560,voron-1.6.2 voron-2.2,controller.ramps-1-4,RAMPs 1.4,voron-1.6.2 voron-2.2,https://www.zyltech.com/ramps-1-4-3d-printer-controller-mega-2560-atmega16u2-atmega2560-5x-a4988-2a-drivers
0.13,1,electronics.inductive-probe,Inductive Probe,voron-2.4,electronics.omron-tl-q5mc2-npn-nc-5mm-sense,"Omron TL-Q5MC2 - NPN, NC, 5mm Sense",voron-trident voron-switchwire optional-parts,https://www.aliexpress.com/item/2251832663198775.html
0.12,1,electronics.nema17-motor-17hs19-2004s-min-35mm-shaft-for-double-shear,NEMA17 Motor 17HS19-2004S (min 35mm shaft for double shear),voron-trident,frame.misumi-hfsb5-2020-size-depends-use-configurator,Misumi HFSB5-2020 (Size depends - use configurator),voron-2.4 voron-trident voron-1.8 voron-2.2,https://docs.ldomotors.com/en/voron/LDO_Voron_Distributors
0.11,1,controller.a4988-stepper-motor-driver,A4988 Stepper Motor Driver,voron-1.6.2 voron-2.2,controller.ramps-1-4,RAMPs 1.4,voron-1.6.2 voron-2.2,https://www.zyltech.com/ramps-1-4-3d-printer-controller-mega-2560-atmega16u2-atmega2560-5x-a4988-2a-drivers
0.08,1,frame.misumi-hfsb5-2020-size-depends-use-configurator,Misumi HFSB5-2020 (Size depends - use configurator),voron-2.4 voron-trident voron-1.8 voron-2.2,motion.linear-rail-mgn12h-for-x-axis,Linear Rail MGN12H for X Axis,voron-trident,https://docs.ldomotors.com/en/voron/LDO_Voron_Distributors
